date,repo,views,uniques
2026-04-18,Darkaiser2/portfolio,0,0
2026-04-18,Darkaiser2/portfolio-chat-server,0,0
2026-04-19,Darkaiser2/portfolio,0,0
2026-04-19,Darkaiser2/portfolio-chat-server,0,0
2026-04-20,Darkaiser2/gh-traffic-logger,0,0
2026-04-20,Darkaiser2/portfolio,0,0
2026-04-20,Darkaiser2/portfolio-chat-server,0,0
2026-04-21,Darkaiser2/gh-traffic-logger,0,0
2026-04-21,Darkaiser2/portfolio,0,0
2026-04-21,Darkaiser2/portfolio-chat-server,0,0
2026-04-22,Darkaiser2/gh-traffic-logger,0,0
2026-04-22,Darkaiser2/portfolio,0,0
2026-04-22,Darkaiser2/portfolio-chat-server,0,0
2026-04-23,Darkaiser2/gh-traffic-logger,0,0
2026-04-23,Darkaiser2/portfolio,0,0
2026-04-23,Darkaiser2/portfolio-chat-server,0,0
2026-04-24,Darkaiser2/gh-traffic-logger,0,0
2026-04-24,Darkaiser2/portfolio,0,0
2026-04-24,Darkaiser2/portfolio-chat-server,0,0
2026-04-25,Darkaiser2/gh-traffic-logger,0,0
2026-04-25,Darkaiser2/portfolio,0,0
2026-04-25,Darkaiser2/portfolio-chat-server,0,0
2026-04-26,Darkaiser2/gh-traffic-logger,0,0
2026-04-26,Darkaiser2/portfolio,0,0
2026-04-26,Darkaiser2/portfolio-chat-server,0,0
2026-04-27,Darkaiser2/gh-traffic-logger,0,0
2026-04-27,Darkaiser2/portfolio,0,0
2026-04-27,Darkaiser2/portfolio-chat-server,0,0
2026-04-28,Darkaiser2/gh-traffic-logger,0,0
2026-04-28,Darkaiser2/portfolio,0,0
2026-04-28,Darkaiser2/portfolio-chat-server,0,0
2026-04-29,Darkaiser2/gh-traffic-logger,0,0
2026-04-29,Darkaiser2/portfolio,0,0
2026-04-29,Darkaiser2/portfolio-chat-server,0,0
2026-04-30,Darkaiser2/gh-traffic-logger,0,0
2026-04-30,Darkaiser2/portfolio,0,0
2026-04-30,Darkaiser2/portfolio-chat-server,0,0
2026-05-01,Darkaiser2/gh-traffic-logger,0,0
2026-05-01,Darkaiser2/portfolio,0,0
2026-05-01,Darkaiser2/portfolio-chat-server,0,0
2026-05-02,Darkaiser2/gh-traffic-logger,0,0
2026-05-03,Darkaiser2/gh-traffic-logger,0,0
